{
  "editorVersion": "6.5.22",
  "docType": "5",
  "title": "M0110/A to Lisa Keyboard Adapter (DPDT)",
  "description": "",
  "colors": {},
  "schematics": [
    {
      "docType": "1",
      "title": "Adapter",
      "description": "",
      "dataStr": {
        "head": {
          "docType": "1",
          "editorVersion": "6.5.22",
          "newgId": true,
          "c_para": {
            "Prefix Start": "1"
          },
          "c_spiceCmd": "null",
          "hasIdFlag": true,
          "uuid": "86f8288defdb47c6a2a27046a74b9341",
          "x": "0",
          "y": "0",
          "portOfADImportHack": "",
          "importFlag": 0,
          "transformList": ""
        },
        "canvas": "CA~1000~1000~#FFFFFF~yes~#CCCCCC~5~1000~1000~line~5~pixel~5~0~0",
        "shape": [
          "F~part_netLabel_netPort~75~-205~0~gge11320~~0^^75~-205^^M0110_CLOCK~#0000FF~53~-200.606~0~end~1~Times New Roman~8pt~flag_gge7^^PL~75 -205 70 -210 55 -210 55 -200 70 -200 75 -205~#0000FF~1~0~transparent~gge11332~0",
          "F~part_netLabel_netPort~75~-215~0~gge11335~~0^^75~-215^^M0110_DATA~#0000FF~53~-210.606~0~end~1~Times New Roman~8pt~flag_gge10^^PL~75 -215 70 -220 55 -220 55 -210 70 -210 75 -215~#0000FF~1~0~transparent~gge11347~0",
          "W~75 -215 85 -215~#008800~1~0~none~gge11365~0",
          "W~75 -205 85 -205~#008800~1~0~none~gge11368~0",
          "F~part_netLabel_netPort~75~-195~0~gge11371~~0^^75~-195^^LISA_DATA~#0000FF~53~-191.394~0~end~1~Times New Roman~8pt~flag_gge13^^PL~75 -195 70 -190 55 -190 55 -200 70 -200 75 -195~#0000FF~1~0~transparent~gge11383~0",
          "W~75 -195 85 -195~#008800~1~0~none~gge11401~0",
          "F~part_netLabel_netPort~235~-340~0~gge11407~~0^^235~-340^^LISA_DATA~#0000FF~213~-336.394~0~end~1~Times New Roman~8pt~flag_gge16^^PL~235 -340 230 -335 215 -335 215 -345 230 -345 235 -340~#0000FF~1~0~transparent~gge11419~0",
          "F~part_netLabel_netPort~355~-340~0~gge11425~~0^^355~-340^^LISA_DATA~#0000FF~377~-336.394~0~start~1~Times New Roman~8pt~flag_gge19^^PL~355 -340 360 -335 375 -335 375 -345 360 -345 355 -340~#0000FF~1~0~transparent~gge11437~0",
          "W~355 -340 345 -340~#008800~1~0~none~gge11440~0",
          "W~235 -340 245 -340~#008800~1~0~none~gge11443~0",
          "F~part_netLabel_netPort~235~-320~0~gge11461~~0^^235~-320^^VCC~#0000FF~213~-316.592~0~end~1~Times New Roman~8pt~flag_gge22^^PL~235 -320 230 -315 215 -315 215 -325 230 -325 235 -320~#0000FF~1~0~transparent~gge11473~0",
          "F~part_netLabel_netPort~355~-320~0~gge11509~~0^^355~-320^^VCC~#0000FF~377~-316.592~0~start~1~Times New Roman~8pt~flag_gge25^^PL~355 -320 360 -315 375 -315 375 -325 360 -325 355 -320~#0000FF~1~0~transparent~gge11521~0",
          "W~355 -320 345 -320~#008800~1~0~none~gge11524~0",
          "W~235 -320 245 -320~#008800~1~0~none~gge11527~0",
          "F~part_netLabel_netPort~75~-310~0~gge11533~~0^^75~-310^^VCC/GND~#0000FF~53~-306.451~0~end~1~Times New Roman~8pt~flag_gge28^^PL~75 -310 70 -305 55 -305 55 -315 70 -315 75 -310~#0000FF~1~0~transparent~gge11545~0",
          "W~75 -310 85 -310~#008800~1~0~none~gge11548~0",
          "F~part_netLabel_netPort~485~-255~0~gge11554~~0^^485~-255^^VCC~#0000FF~507~-251.59~0~start~1~Times New Roman~8pt~flag_gge31^^PL~485 -255 490 -250 505 -250 505 -260 490 -260 485 -255~#0000FF~1~0~transparent~gge11566~0",
          "W~485 -255 475 -255~#008800~1~0~none~gge11569~0",
          "F~part_netLabel_netPort~235~-360~0~gge11572~~0^^235~-360^^GND~#0000FF~213~-356.466~0~end~1~Times New Roman~8pt~flag_gge34^^PL~235 -360 230 -355 215 -355 215 -365 230 -365 235 -360~#0000FF~1~0~transparent~gge11584~0",
          "W~235 -360 245 -360~#008800~1~0~none~gge11602~0",
          "F~part_netLabel_netPort~75~-370~0~gge11608~~0^^75~-370^^GND/VCC~#0000FF~53~-366.451~0~end~1~Times New Roman~8pt~flag_gge37^^PL~75 -370 70 -365 55 -365 55 -375 70 -375 75 -370~#0000FF~1~0~transparent~gge11620~0",
          "W~75 -370 85 -370~#008800~1~0~none~gge11623~0",
          "F~part_netLabel_netPort~355~-360~0~gge11629~~0^^355~-360^^GND~#0000FF~377~-356.466~0~start~1~Times New Roman~8pt~flag_gge40^^PL~355 -360 360 -355 375 -355 375 -365 360 -365 355 -360~#0000FF~1~0~transparent~gge11641~0",
          "W~355 -360 345 -360~#008800~1~0~none~gge11644~0",
          "F~part_netLabel_netPort~485~-245~0~gge11650~~0^^485~-245^^GND~#0000FF~507~-241.466~0~start~1~Times New Roman~8pt~flag_gge43^^PL~485 -245 490 -240 505 -240 505 -250 490 -250 485 -245~#0000FF~1~0~transparent~gge11662~0",
          "W~485 -245 475 -245~#008800~1~0~none~gge11665~0",
          "F~part_netLabel_netPort~75~-350~0~gge12232~~0^^75~-350^^M0110_CLOCK~#0000FF~53~-346.394~0~end~1~Times New Roman~8pt~flag_gge46^^PL~75 -350 70 -345 55 -345 55 -355 70 -355 75 -350~#0000FF~1~0~transparent~gge12244~0",
          "F~part_netLabel_netPort~75~-330~0~gge12250~~0^^75~-330^^M0110_DATA~#0000FF~53~-326.394~0~end~1~Times New Roman~8pt~flag_gge49^^PL~75 -330 70 -325 55 -325 55 -335 70 -335 75 -330~#0000FF~1~0~transparent~gge12262~0",
          "W~75 -350 85 -350~#008800~1~0~none~gge12265~0",
          "W~75 -330 85 -330~#008800~1~0~none~gge12268~0",
          "W~485 -235 475 -235~#008800~1~0~none~gge12337~0",
          "F~part_netLabel_netPort~485~-235~0~gge12340~~0^^485~-235^^RESET~#0000FF~507~-231.7~0~start~1~Times New Roman~8pt~flag_gge52^^PL~485 -235 490 -230 505 -230 505 -240 490 -240 485 -235~#0000FF~1~0~transparent~gge12352~0",
          "F~part_netLabel_netPort~75~-235~0~gge12568~~0^^75~-235^^GND~#0000FF~53~-231.466~0~end~1~Times New Roman~8pt~flag_gge55^^PL~75 -235 70 -230 55 -230 55 -240 70 -240 75 -235~#0000FF~1~0~transparent~gge12580~0",
          "F~part_netLabel_netPort~75~-225~0~gge12586~~0^^75~-225^^GND~#0000FF~53~-221.466~0~end~1~Times New Roman~8pt~flag_gge58^^PL~75 -225 70 -220 55 -220 55 -230 70 -230 75 -225~#0000FF~1~0~transparent~gge12598~0",
          "W~75 -225 85 -225~#008800~1~0~none~gge12601~0",
          "W~75 -235 85 -235~#008800~1~0~none~gge12604~0",
          "O~475~-145~gge12625~M 471 -149 L 479 -141 M 479 -149 L 471 -141~#33cc33~0",
          "O~475~-155~gge12631~M 471 -159 L 479 -151 M 479 -159 L 471 -151~#33cc33~0",
          "O~475~-165~gge12637~M 471 -169 L 479 -161 M 479 -169 L 471 -161~#33cc33~0",
          "O~475~-175~gge12643~M 471 -179 L 479 -171 M 479 -179 L 471 -171~#33cc33~0",
          "O~475~-185~gge12649~M 471 -189 L 479 -181 M 479 -189 L 471 -181~#33cc33~0",
          "O~475~-195~gge12655~M 471 -199 L 479 -191 M 479 -199 L 471 -191~#33cc33~0",
          "O~475~-205~gge12661~M 471 -209 L 479 -201 M 479 -209 L 471 -201~#33cc33~0",
          "O~475~-215~gge12667~M 471 -219 L 479 -211 M 479 -219 L 471 -211~#33cc33~0",
          "O~475~-225~gge12673~M 471 -229 L 479 -221 M 479 -229 L 471 -221~#33cc33~0",
          "W~75 -255 85 -255~#008800~1~0~none~gge12892~0",
          "W~75 -245 85 -245~#008800~1~0~none~gge12895~0",
          "F~part_netLabel_netPort~720~-360~0~gge12974~~0^^720~-360^^RESET~#0000FF~698~-356.7~0~end~1~Times New Roman~8pt~flag_gge61^^PL~720 -360 715 -355 700 -355 700 -365 715 -365 720 -360~#0000FF~1~0~transparent~gge12986~0",
          "W~730 -360 720 -360~#008800~1~0~none~gge13193~0",
          "F~part_netLabel_netPort~820~-360~0~gge13220~~0^^820~-360^^GND~#0000FF~842~-356.466~0~start~1~Times New Roman~8pt~flag_gge64^^PL~820 -360 825 -355 840 -355 840 -365 825 -365 820 -360~#0000FF~1~0~transparent~gge13232~0",
          "W~820 -360 810 -360~#008800~1~0~none~gge13235~0",
          "LIB~770~-350~package`TACT_SWITCH_RIGHT_ANGLE_6MM`BOM_Manufacturer``BOM_Manufacturer Part``BOM_Supplier Part``BOM_Supplier``link``Contributor`William Tooker`spicePre`S`spiceSymbolName`Tact Switch - 6mm - Right Angle`~~0~gge6b4a3c03381d8573~1a2cf5acd92e41d6a9151d0e34f0b421~e53d551c676d44d283933b111c1b7931~0~b2fe9abc43a8f391~yes~yes~ca7f77d99f284de7bbdf7118b8875341~1675146061~7038d62cdd064372845bf2a03f31db42#@$T~N~743.0234375~-376.7109375~0~#000080~Arial~~~~~comment~Reset Button~1~start~gge12989~0~pinpart#@$T~P~764.296875~-386.7109375~0~#000080~Arial~~~~~comment~S1~1~start~gge12995~0~pinpart#@$P~show~0~1~730~-360~180~gge13930~0^^730~-360^^M 730 -360 h 20~#880000^^1~752~-357~0~A~start~~~#0000FF^^1~745~-361~0~1~end~~~#0000FF^^0~747~-360^^0~M 750 -357 L 753 -360 L 750 -363#@$P~show~0~2~730~-340~180~gge13951~0^^730~-340^^M 730 -340 h 20~#880000^^1~752~-337~0~B~start~~~#0000FF^^1~745~-341~0~2~end~~~#0000FF^^0~747~-340^^0~M 750 -337 L 753 -340 L 750 -343#@$P~show~0~3~810~-360~~gge13972~0^^810~-360^^M 810 -360 h -20~#880000^^1~788~-357~0~GND~end~~~#0000FF^^1~795~-361~0~3~start~~~#0000FF^^0~793~-360^^0~M 790 -363 L 787 -360 L 790 -357#@$P~show~0~4~810~-340~~gge13993~0^^810~-340^^M 810 -340 h -20~#880000^^1~788~-337~0~GND~end~~~#0000FF^^1~795~-341~0~4~start~~~#0000FF^^0~793~-340^^0~M 790 -343 L 787 -340 L 790 -337#@$R~750~-370~~~40~40~#000000~1~0~none~gge14014~0~",
          "LIB~105~-340~package`MAC_KBD_CONNECTOR_ALT`BOM_Manufacturer``BOM_Manufacturer Part``BOM_Supplier Part``BOM_Supplier``link``Contributor`William Tooker`spicePre`J`spiceSymbolName`Mac Plus Keyboard Connector`~~0~gged7e9371391530bd4~9e7ee96230bb41438d0e1b9b991505e5~29a09c09b17345e0bec0391710e5bc28~0~b9664c45a49f8cdb~yes~yes~d16c171947e24354af8cc3c67f5c5bc8~1675226844~40353221fb50413d8f49dec44fe1ff7a#@$T~N~66.6640625~-396.75~0~#000080~Arial~~~~~comment~Mac Plus Keyboard Connector~1~start~gge10870~0~pinpart#@$T~P~120.0703125~-406.75~0~#000080~Arial~~~~~comment~J2~1~start~gge10876~0~pinpart#@$P~show~0~1~85~-370~180~gge14117~0^^85~-370^^M 85 -370 h 20~#880000^^1~107~-367~0~GND~start~~~#0000FF^^1~100~-371~0~1~end~~~#0000FF^^0~102~-370^^0~M 105 -367 L 108 -370 L 105 -373#@$P~show~0~2~85~-350~180~gge14138~0^^85~-350^^M 85 -350 h 20~#880000^^1~107~-347~0~CLOCK~start~~~#0000FF^^1~100~-351~0~2~end~~~#0000FF^^0~102~-350^^0~M 105 -347 L 108 -350 L 105 -353#@$P~show~0~3~85~-330~180~gge14159~0^^85~-330^^M 85 -330 h 20~#880000^^1~107~-327~0~DATA~start~~~#0000FF^^1~100~-331~0~3~end~~~#0000FF^^0~102~-330^^0~M 105 -327 L 108 -330 L 105 -333#@$P~show~0~4~85~-310~180~gge14180~0^^85~-310^^M 85 -310 h 20~#880000^^1~107~-307~0~VCC~start~~~#0000FF^^1~100~-311~0~4~end~~~#0000FF^^0~102~-310^^0~M 105 -307 L 108 -310 L 105 -313#@$R~105~-390~~~40~100~#000000~1~0~none~gge14201~0~",
          "LIB~285~-340~package`TRS_STEREO_0.25_INCH`BOM_Manufacturer``BOM_Manufacturer Part``BOM_Supplier Part``BOM_Supplier``link``Contributor`William Tooker`spicePre`J`spiceSymbolName`0.25 Inch Stereo TRS Jack`~~0~gge8cb5821dc22d3d16~cb96136318064f3193248e5286c80e77~ceed38c02088440b85ca916633b66ecd~0~10101a4960b79a80~yes~yes~301ab87b31c64a418ed71367acb59aaf~1675138451~291fc940bc1847778e32801d53f7f1fb#@$T~N~239.25~-376.75~0~#000080~Arial~~~~~comment~Lisa Keyboard Connector~1~start~gge10582~0~pinpart#@$T~P~290.0703125~-386.6640625~0~#000080~Arial~~~~~comment~J1~1~start~gge10588~0~pinpart#@$P~show~0~1~245~-320~180~gge17413~0^^245~-320^^M 245 -320 h 20~#880000^^1~267~-317~0~VCC~start~~~#0000FF^^1~260~-321~0~1~end~~~#0000FF^^0~262~-320^^0~M 265 -317 L 268 -320 L 265 -323#@$P~show~0~2~245~-340~180~gge17434~0^^245~-340^^M 245 -340 h 20~#880000^^1~267~-337~0~DAT~start~~~#0000FF^^1~260~-341~0~2~end~~~#0000FF^^0~262~-340^^0~M 265 -337 L 268 -340 L 265 -343#@$P~show~0~3~245~-360~180~gge17455~0^^245~-360^^M 245 -360 h 20~#880000^^1~267~-357~0~GND~start~~~#0000FF^^1~260~-361~0~3~end~~~#0000FF^^0~262~-360^^0~M 265 -357 L 268 -360 L 265 -363#@$P~show~0~4~345~-320~~gge17476~0^^345~-320^^M 345 -320 h -20~#880000^^1~323~-317~0~VCC~end~~~#0000FF^^1~330~-321~0~4~start~~~#0000FF^^0~328~-320^^0~M 325 -323 L 322 -320 L 325 -317#@$P~show~0~5~345~-340~~gge17497~0^^345~-340^^M 345 -340 h -20~#880000^^1~323~-337~0~DAT~end~~~#0000FF^^1~330~-341~0~5~start~~~#0000FF^^0~328~-340^^0~M 325 -343 L 322 -340 L 325 -337#@$P~show~0~6~345~-360~~gge17518~0^^345~-360^^M 345 -360 h -20~#880000^^1~323~-357~0~GND~end~~~#0000FF^^1~330~-361~0~6~start~~~#0000FF^^0~328~-360^^0~M 325 -363 L 322 -360 L 325 -357#@$R~265~-370~~~60~60~#000000~1~0~none~gge17539~0~",
          "LIB~285~-195~package`ARDUINO_PRO_MICRO`BOM_Manufacturer``BOM_Manufacturer Part``BOM_Supplier Part``BOM_Supplier``link``Contributor`will_tooker`spicePre`U`spiceSymbolName`Arduino Pro Micro`~~0~ggea7553027e977650c~c76d41c1d87245d0a91395b14ace548a~bb8579ca95b343dda248d63c29195602~0~2545b215475bc110~yes~yes~36a36176068d4c24bd9b404ad8a13d34~1675131793~5ce7aa244c904fdeb912803c3aa15c9e#@$T~N~237.6796875~-271.6640625~0~#000080~Arial~~~~~comment~Arduino Pro Micro~1~start~gge9538~0~pinpart#@$T~P~264.03125~-281.6640625~0~#000080~Arial~~~~~comment~U1~1~start~gge9544~0~pinpart#@$P~show~0~1~85~-255~180~gge19087~0^^85~-255^^M 85 -255 h 20~#880000^^1~107~-252~0~INT3/TX1/PD3/D1~start~~~#0000FF^^1~100~-256~0~1~end~~~#0000FF^^0~102~-255^^0~M 105 -252 L 108 -255 L 105 -258#@$P~show~0~2~85~-245~180~gge19108~0^^85~-245^^M 85 -245 h 20~#880000^^1~107~-242~0~INT2/RX1/PD2/D0~start~~~#0000FF^^1~100~-246~0~2~end~~~#0000FF^^0~102~-245^^0~M 105 -242 L 108 -245 L 105 -248#@$P~show~0~3~85~-235~180~gge19129~0^^85~-235^^M 85 -235 h 20~#880000^^1~107~-232~0~GND~start~~~#0000FF^^1~100~-236~0~3~end~~~#0000FF^^0~102~-235^^0~M 105 -232 L 108 -235 L 105 -238#@$P~show~0~4~85~-225~180~gge19150~0^^85~-225^^M 85 -225 h 20~#880000^^1~107~-222~0~GND~start~~~#0000FF^^1~100~-226~0~4~end~~~#0000FF^^0~102~-225^^0~M 105 -222 L 108 -225 L 105 -228#@$P~show~0~5~85~-215~180~gge19171~0^^85~-215^^M 85 -215 h 20~#880000^^1~107~-212~0~INT1/SDA/PD1/D2~start~~~#0000FF^^1~100~-216~0~5~end~~~#0000FF^^0~102~-215^^0~M 105 -212 L 108 -215 L 105 -218#@$P~show~0~6~85~-205~180~gge19192~0^^85~-205^^M 85 -205 h 20~#880000^^1~107~-202~0~OC0B/INT0/SCL/PWM/PD0/D3~start~~~#0000FF^^1~100~-206~0~6~end~~~#0000FF^^0~102~-205^^0~M 105 -202 L 108 -205 L 105 -208#@$P~show~0~7~85~-195~180~gge19213~0^^85~-195^^M 85 -195 h 20~#880000^^1~107~-192~0~ICP1/ADC8/PD4/D4/A6~start~~~#0000FF^^1~100~-196~0~7~end~~~#0000FF^^0~102~-195^^0~M 105 -192 L 108 -195 L 105 -198#@$P~show~0~8~85~-185~180~gge19234~0^^85~-185^^M 85 -185 h 20~#880000^^1~107~-182~0~OCA4/OC3A/1PWM/PC6/D5~start~~~#0000FF^^1~100~-186~0~8~end~~~#0000FF^^0~102~-185^^0~M 105 -182 L 108 -185 L 105 -188#@$P~show~0~9~85~-175~180~gge19255~0^^85~-175^^M 85 -175 h 20~#880000^^1~107~-172~0~TO/OC4D/PWM/ADC10/PD7/D6/A7~start~~~#0000FF^^1~100~-176~0~9~end~~~#0000FF^^0~102~-175^^0~M 105 -172 L 108 -175 L 105 -178#@$P~show~0~10~85~-165~180~gge19276~0^^85~-165^^M 85 -165 h 20~#880000^^1~107~-162~0~AIN0/INT6/PE6/D7~start~~~#0000FF^^1~100~-166~0~10~end~~~#0000FF^^0~102~-165^^0~M 105 -162 L 108 -165 L 105 -168#@$P~show~0~11~85~-155~180~gge19297~0^^85~-155^^M 85 -155 h 20~#880000^^1~107~-152~0~PCINT4/ADC11/PB4/D8/A8~start~~~#0000FF^^1~100~-156~0~11~end~~~#0000FF^^0~102~-155^^0~M 105 -152 L 108 -155 L 105 -158#@$P~show~0~12~85~-145~180~gge19318~0^^85~-145^^M 85 -145 h 20~#880000^^1~107~-142~0~PCINT5/PWM/ADC12/PB5/D9/A9~start~~~#0000FF^^1~100~-146~0~12~end~~~#0000FF^^0~102~-145^^0~M 105 -142 L 108 -145 L 105 -148#@$P~show~0~13~475~-145~0~gge19339~0^^475~-145^^M 475 -145 h -20~#880000^^1~453~-142~0~D10/A10/PB6/ADC13/PWM/PCINT6~end~~~#0000FF^^1~460~-146~0~13~start~~~#0000FF^^0~458~-145^^0~M 455 -148 L 452 -145 L 455 -142#@$P~show~0~14~475~-155~0~gge19360~0^^475~-155^^M 475 -155 h -20~#880000^^1~453~-152~0~D16/PB2/MOSI/PCINT2/PDI~end~~~#0000FF^^1~460~-156~0~14~start~~~#0000FF^^0~458~-155^^0~M 455 -158 L 452 -155 L 455 -152#@$P~show~0~15~475~-165~0~gge19381~0^^475~-165^^M 475 -165 h -20~#880000^^1~453~-162~0~D14/PB3/MISO/PCINT3/PDO~end~~~#0000FF^^1~460~-166~0~15~start~~~#0000FF^^0~458~-165^^0~M 455 -168 L 452 -165 L 455 -162#@$P~show~0~16~475~-175~0~gge19402~0^^475~-175^^M 475 -175 h -20~#880000^^1~453~-172~0~D15/PB1/SCK/PCINT1~end~~~#0000FF^^1~460~-176~0~16~start~~~#0000FF^^0~458~-175^^0~M 455 -178 L 452 -175 L 455 -172#@$P~show~0~17~475~-185~0~gge19423~0^^475~-185^^M 475 -185 h -20~#880000^^1~453~-182~0~A0/PF7/ADC7/TDI~end~~~#0000FF^^1~460~-186~0~17~start~~~#0000FF^^0~458~-185^^0~M 455 -188 L 452 -185 L 455 -182#@$P~show~0~18~475~-195~0~gge19444~0^^475~-195^^M 475 -195 h -20~#880000^^1~453~-192~0~A1/PF6/ADC6/TDO~end~~~#0000FF^^1~460~-196~0~18~start~~~#0000FF^^0~458~-195^^0~M 455 -198 L 452 -195 L 455 -192#@$P~show~0~19~475~-205~0~gge19465~0^^475~-205^^M 475 -205 h -20~#880000^^1~453~-202~0~A2/PF5/ADC5/TMS~end~~~#0000FF^^1~460~-206~0~19~start~~~#0000FF^^0~458~-205^^0~M 455 -208 L 452 -205 L 455 -202#@$P~show~0~20~475~-215~0~gge19486~0^^475~-215^^M 475 -215 h -20~#880000^^1~453~-212~0~A3/PF4/ADC4/TCK~end~~~#0000FF^^1~460~-216~0~20~start~~~#0000FF^^0~458~-215^^0~M 455 -218 L 452 -215 L 455 -212#@$P~show~0~21~475~-225~0~gge19507~0^^475~-225^^M 475 -225 h -20~#880000^^1~453~-222~0~VCC~end~~~#0000FF^^1~460~-226~0~21~start~~~#0000FF^^0~458~-225^^0~M 455 -228 L 452 -225 L 455 -222#@$P~show~0~22~475~-235~0~gge19528~0^^475~-235^^M 475 -235 h -20~#880000^^1~453~-232~0~RESET~end~~~#0000FF^^1~460~-236~0~22~start~~~#0000FF^^0~458~-235^^0~M 455 -238 L 452 -235 L 455 -232#@$P~show~0~23~475~-245~0~gge19549~0^^475~-245^^M 475 -245 h -20~#880000^^1~453~-242~0~GND~end~~~#0000FF^^1~460~-246~0~23~start~~~#0000FF^^0~458~-245^^0~M 455 -248 L 452 -245 L 455 -242#@$P~show~0~24~475~-255~0~gge19570~0^^475~-255^^M 475 -255 h -20~#880000^^1~453~-252~0~RAW~end~~~#0000FF^^1~460~-256~0~24~start~~~#0000FF^^0~458~-255^^0~M 455 -258 L 452 -255 L 455 -252#@$R~105~-265~~~350~130~#000000~1~0~none~gge19591~0~",
          "W~75 -145 85 -145~#008800~1~0~none~gge19738~0",
          "W~75 -155 85 -155~#008800~1~0~none~gge19741~0",
          "O~85~-185~gge19744~M 81 -189 L 89 -181 M 89 -189 L 81 -181~#33cc33~0",
          "O~75~-255~gge19994~M 71 -259 L 79 -251 M 79 -259 L 71 -251~#33cc33~0",
          "O~75~-245~gge20000~M 71 -249 L 79 -241 M 79 -249 L 71 -241~#33cc33~0",
          "F~part_netLabel_netPort~75~-145~0~gge20015~~0^^75~-145^^US/UK~#0000FF~53~-140.606~0~end~1~Times New Roman~8pt~flag_gge67^^PL~75 -145 70 -150 55 -150 55 -140 70 -140 75 -145~#0000FF~1~0~transparent~gge20027~0",
          "F~part_netLabel_netPort~75~-155~0~gge20030~~0^^75~-155^^DE/FR~#0000FF~53~-150.606~0~end~1~Times New Roman~8pt~flag_gge70^^PL~75 -155 70 -160 55 -160 55 -150 70 -150 75 -155~#0000FF~1~0~transparent~gge20042~0",
          "F~part_netLabel_netPort~75~-165~0~gge20051~~0^^75~-165^^MOD~#0000FF~53~-161.424~0~end~1~Times New Roman~8pt~flag_gge73^^PL~75 -165 70 -170 55 -170 55 -160 70 -160 75 -165~#0000FF~1~0~transparent~gge20063~0",
          "W~75 -165 85 -165~#008800~1~0~none~gge20066~0",
          "LIB~770~-270~package`TACT_SWITCH_RIGHT_ANGLE_6MM`BOM_Manufacturer``BOM_Manufacturer Part``BOM_Supplier Part``BOM_Supplier``link``Contributor`William Tooker`spicePre`S`spiceSymbolName`Tact Switch - 6mm - Right Angle`~~0~gge745d589607e88b02~1a2cf5acd92e41d6a9151d0e34f0b421~e53d551c676d44d283933b111c1b7931~0~da60bf36891f2378~yes~yes~ca7f77d99f284de7bbdf7118b8875341~1675146061~7038d62cdd064372845bf2a03f31db42#@$T~N~743.546875~-296.7109375~0~#000080~Arial~~~~~comment~Mode Button~1~start~gge20078~0~pinpart#@$T~P~764.296875~-306.7578125~0~#000080~Arial~~~~~comment~S2~1~start~gge20084~0~pinpart#@$P~show~0~1~730~-280~180~gge20090~0^^730~-280^^M 730 -280 h 20~#880000^^1~752~-277~0~A~start~~~#0000FF^^1~745~-281~0~1~end~~~#0000FF^^0~747~-280^^0~M 750 -277 L 753 -280 L 750 -283#@$P~show~0~2~730~-260~180~gge20111~0^^730~-260^^M 730 -260 h 20~#880000^^1~752~-257~0~B~start~~~#0000FF^^1~745~-261~0~2~end~~~#0000FF^^0~747~-260^^0~M 750 -257 L 753 -260 L 750 -263#@$P~show~0~3~810~-280~~gge20132~0^^810~-280^^M 810 -280 h -20~#880000^^1~788~-277~0~GND~end~~~#0000FF^^1~795~-281~0~3~start~~~#0000FF^^0~793~-280^^0~M 790 -283 L 787 -280 L 790 -277#@$P~show~0~4~810~-260~~gge20153~0^^810~-260^^M 810 -260 h -20~#880000^^1~788~-257~0~GND~end~~~#0000FF^^1~795~-261~0~4~start~~~#0000FF^^0~793~-260^^0~M 790 -263 L 787 -260 L 790 -257#@$R~750~-290~~~40~40~#000000~1~0~none~gge20174~0~",
          "W~820 -260 810 -260~#008800~1~0~none~gge20177~0",
          "F~part_netLabel_netPort~820~-260~0~gge20180~~0^^820~-260^^GND~#0000FF~842~-256.466~0~start~1~Times New Roman~8pt~flag_gge76^^PL~820 -260 825 -255 840 -255 840 -265 825 -265 820 -260~#0000FF~1~0~transparent~gge20192~0",
          "W~820 -280 810 -280~#008800~1~0~none~gge20195~0",
          "F~part_netLabel_netPort~820~-280~0~gge20198~~0^^820~-280^^GND~#0000FF~842~-276.466~0~start~1~Times New Roman~8pt~flag_gge79^^PL~820 -280 825 -275 840 -275 840 -285 825 -285 820 -280~#0000FF~1~0~transparent~gge20210~0",
          "W~720 -260 730 -260~#008800~1~0~none~gge20213~0",
          "F~part_netLabel_netPort~720~-260~0~gge20216~~0^^720~-260^^GND~#0000FF~698~-256.466~0~end~1~Times New Roman~8pt~flag_gge82^^PL~720 -260 715 -255 700 -255 700 -265 715 -265 720 -260~#0000FF~1~0~transparent~gge20228~0",
          "W~730 -280 720 -280~#008800~1~0~none~gge20231~0",
          "F~part_netLabel_netPort~720~-280~0~gge20234~~0^^720~-280^^MOD~#0000FF~698~-276.424~0~end~1~Times New Roman~8pt~flag_gge85^^PL~720 -280 715 -275 700 -275 700 -285 715 -285 720 -280~#0000FF~1~0~transparent~gge20246~0",
          "F~part_netLabel_netPort~820~-340~0~gge20279~~0^^820~-340^^GND~#0000FF~842~-336.466~0~start~1~Times New Roman~8pt~flag_gge88^^PL~820 -340 825 -335 840 -335 840 -345 825 -345 820 -340~#0000FF~1~0~transparent~gge20291~0",
          "F~part_netLabel_netPort~720~-340~0~gge20297~~0^^720~-340^^GND~#0000FF~698~-335.534~0~end~1~Times New Roman~8pt~flag_gge91^^PL~720 -340 715 -345 700 -345 700 -335 715 -335 720 -340~#0000FF~1~0~transparent~gge20309~0",
          "W~720 -340 730 -340~#008800~1~0~none~gge20312~0",
          "W~820 -340 810 -340~#008800~1~0~none~gge20315~0",
          "F~part_netLabel_netPort~75~-175~0~gge21162~~0^^75~-175^^CABLE~#0000FF~53~-171.45~0~end~1~Times New Roman~8pt~flag_gge94^^PL~75 -175 70 -180 55 -180 55 -170 70 -170 75 -175~#0000FF~1~0~transparent~gge21174~0",
          "W~75 -175 85 -175~#008800~1~0~none~gge21177~0",
          "LIB~640~-175~package`DPDT_SLIDER_SWITCH`BOM_Manufacturer`C&K`BOM_Manufacturer Part``BOM_Supplier``BOM_Supplier Part`OS202013MT5QN1`link``Contributor`William Tooker`spicePre`S`spiceSymbolName`DPDT_SLIDER_SWITCH`~~0~gge751cf0c13f19a7ca~844841a4ca424fcab0d3fa0222750826~35fbf8b4c2034efc961035c9a5d06fcc~0~5cd5ca9ce22d1311~yes~yes~5eef252ac69c4a599b920713501bd6cd~1675928094~e15ff0574bae470bbbd8c585fc2cb330#@$T~N~596.3515625~-211.75~0~#000080~Arial~~~~~comment~Cable Type Switch~1~start~gge21181~0~pinpart#@$T~P~629.8828125~-221.75~0~#000080~Arial~~~~~comment~SW1~1~start~gge21187~0~pinpart#@$P~show~0~1~600~-195~180~gge21193~0^^600~-195^^M 600 -195 h 20~#880000^^1~622~-192~0~1~start~~~#0000FF^^1~615~-196~0~1~end~~~#0000FF^^0~617~-195^^0~M 620 -192 L 623 -195 L 620 -198#@$P~show~0~2~600~-175~180~gge21214~0^^600~-175^^M 600 -175 h 20~#880000^^1~622~-172~0~2~start~~~#0000FF^^1~615~-176~0~2~end~~~#0000FF^^0~617~-175^^0~M 620 -172 L 623 -175 L 620 -178#@$P~show~0~3~600~-155~180~gge21235~0^^600~-155^^M 600 -155 h 20~#880000^^1~622~-152~0~3~start~~~#0000FF^^1~615~-156~0~3~end~~~#0000FF^^0~617~-155^^0~M 620 -152 L 623 -155 L 620 -158#@$P~show~0~4~680~-195~~gge21256~0^^680~-195^^M 680 -195 h -20~#880000^^1~658~-192~0~4~end~~~#0000FF^^1~665~-196~0~4~start~~~#0000FF^^0~663~-195^^0~M 660 -198 L 657 -195 L 660 -192#@$P~show~0~5~680~-175~~gge21277~0^^680~-175^^M 680 -175 h -20~#880000^^1~658~-172~0~5~end~~~#0000FF^^1~665~-176~0~5~start~~~#0000FF^^0~663~-175^^0~M 660 -178 L 657 -175 L 660 -172#@$P~show~0~6~680~-155~~gge21298~0^^680~-155^^M 680 -155 h -20~#880000^^1~658~-152~0~6~end~~~#0000FF^^1~665~-156~0~6~start~~~#0000FF^^0~663~-155^^0~M 660 -158 L 657 -155 L 660 -152#@$R~620~-205~~~40~60~#000000~1~0~none~gge21319~0~",
          "F~part_netLabel_netPort~600~-175~0~gge21475~~0^^600~-175^^VCC~#0000FF~578~-171.59~0~end~1~Times New Roman~8pt~flag_gge97^^PL~600 -175 595 -170 580 -170 580 -180 595 -180 600 -175~#0000FF~1~0~transparent~gge21487~0",
          "F~part_netLabel_netPort~680~-175~0~gge21496~~0^^680~-175^^GND~#0000FF~702~-171.466~0~start~1~Times New Roman~8pt~flag_gge100^^PL~680 -175 685 -170 700 -170 700 -180 685 -180 680 -175~#0000FF~1~0~transparent~gge21508~0",
          "F~part_netLabel_netPort~600~-195~0~gge21517~~0^^600~-195^^VCC/GND~#0000FF~578~-191.45~0~end~1~Times New Roman~8pt~flag_gge103^^PL~600 -195 595 -190 580 -190 580 -200 595 -200 600 -195~#0000FF~1~0~transparent~gge21529~0",
          "F~part_netLabel_netPort~680~-195~0~gge21538~~0^^680~-195^^GND/VCC~#0000FF~702~-191.45~0~start~1~Times New Roman~8pt~flag_gge106^^PL~680 -195 685 -190 700 -190 700 -200 685 -200 680 -195~#0000FF~1~0~transparent~gge21550~0",
          "F~part_netLabel_netPort~600~-155~0~gge21559~~0^^600~-155^^GND/VCC~#0000FF~578~-151.45~0~end~1~Times New Roman~8pt~flag_gge109^^PL~600 -155 595 -150 580 -150 580 -160 595 -160 600 -155~#0000FF~1~0~transparent~gge21571~0",
          "F~part_netLabel_netPort~680~-155~0~gge21580~~0^^680~-155^^VCC/GND~#0000FF~702~-151.45~0~start~1~Times New Roman~8pt~flag_gge112^^PL~680 -155 685 -150 700 -150 700 -160 685 -160 680 -155~#0000FF~1~0~transparent~gge21592~0",
          "F~part_netLabel_netPort~490~-360~0~gge22017~~0^^490~-360^^GND~#0000FF~468~-355.534~0~end~1~Times New Roman~8pt~flag_gge115^^PL~490 -360 485 -365 470 -365 470 -355 485 -355 490 -360~#0000FF~1~0~transparent~gge22029~0",
          "F~part_netLabel_netPort~490~-340~0~gge22035~~0^^490~-340^^GND~#0000FF~468~-335.534~0~end~1~Times New Roman~8pt~flag_gge118^^PL~490 -340 485 -345 470 -345 470 -335 485 -335 490 -340~#0000FF~1~0~transparent~gge22047~0",
          "F~part_netLabel_netPort~490~-320~0~gge22053~~0^^490~-320^^GND~#0000FF~468~-315.534~0~end~1~Times New Roman~8pt~flag_gge121^^PL~490 -320 485 -325 470 -325 470 -315 485 -315 490 -320~#0000FF~1~0~transparent~gge22065~0",
          "W~490 -320 500 -320~#008800~1~0~none~gge22068~0",
          "W~490 -340 500 -340~#008800~1~0~none~gge22071~0",
          "W~490 -360 500 -360~#008800~1~0~none~gge22074~0",
          "F~part_netLabel_netPort~590~-360~0~gge22080~~0^^590~-360^^CABLE~#0000FF~612~-355.549~0~start~1~Times New Roman~8pt~flag_gge124^^PL~590 -360 595 -355 610 -355 610 -365 595 -365 590 -360~#0000FF~1~0~transparent~gge22092~0",
          "F~part_netLabel_netPort~590~-340~0~gge22098~~0^^590~-340^^DE/FR~#0000FF~612~-336.394~0~start~1~Times New Roman~8pt~flag_gge127^^PL~590 -340 595 -335 610 -335 610 -345 595 -345 590 -340~#0000FF~1~0~transparent~gge22110~0",
          "F~part_netLabel_netPort~590~-320~0~gge22116~~0^^590~-320^^US/UK~#0000FF~612~-316.394~0~start~1~Times New Roman~8pt~flag_gge130^^PL~590 -320 595 -315 610 -315 610 -325 595 -325 590 -320~#0000FF~1~0~transparent~gge22128~0",
          "W~590 -360 580 -360~#008800~1~0~none~gge22131~0",
          "W~590 -340 580 -340~#008800~1~0~none~gge22134~0",
          "W~590 -320 580 -320~#008800~1~0~none~gge22137~0",
          "LIB~540~-340~package`DIP_SWITCH_3POS`BOM_Manufacturer`Wurth Elektronik`BOM_Manufacturer Part`418117270903`BOM_Supplier`Mouser`BOM_Supplier Part`710-418117270903`link`https://www.mouser.com/datasheet/2/445/418117270903-3087103.pdf`Contributor`will_tooker`spicePre`S`spiceSymbolName`DIP_SWITCH_3POS`~~0~ggecdd69d12499312c0~9731745b431b42968f3d39e43484cead~153c3701157347f3a7e3b4aaa11ed446~0~3205615fd13185aa~yes~yes~d908104ddd3f4b20aa0fe7c6f2d25fd6~1675974311~8230910a44ea4e7980446b5644c8b3d9#@$T~N~501.1953125~-376.6640625~0~#000080~Arial~~~~~comment~Settings DIP Switch~1~start~gge21596~0~pinpart#@$T~P~529.890625~-386.6640625~0~#000080~Arial~~~~~comment~SW2~1~start~gge21602~0~pinpart#@$P~show~0~1~500~-360~180~gge22140~0^^500~-360^^M 500 -360 h 20~#880000^^1~522~-357~0~A~start~~~#0000FF^^1~515~-361~0~1~end~~~#0000FF^^0~517~-360^^0~M 520 -357 L 523 -360 L 520 -363#@$P~show~0~2~500~-340~180~gge22161~0^^500~-340^^M 500 -340 h 20~#880000^^1~522~-337~0~B~start~~~#0000FF^^1~515~-341~0~2~end~~~#0000FF^^0~517~-340^^0~M 520 -337 L 523 -340 L 520 -343#@$P~show~0~3~500~-320~180~gge22182~0^^500~-320^^M 500 -320 h 20~#880000^^1~522~-317~0~C~start~~~#0000FF^^1~515~-321~0~3~end~~~#0000FF^^0~517~-320^^0~M 520 -317 L 523 -320 L 520 -323#@$P~show~0~4~580~-320~~gge22203~0^^580~-320^^M 580 -320 h -20~#880000^^1~558~-317~0~C~end~~~#0000FF^^1~565~-321~0~4~start~~~#0000FF^^0~563~-320^^0~M 560 -323 L 557 -320 L 560 -317#@$P~show~0~5~580~-340~~gge22224~0^^580~-340^^M 580 -340 h -20~#880000^^1~558~-337~0~B~end~~~#0000FF^^1~565~-341~0~5~start~~~#0000FF^^0~563~-340^^0~M 560 -343 L 557 -340 L 560 -337#@$P~show~0~6~580~-360~~gge22245~0^^580~-360^^M 580 -360 h -20~#880000^^1~558~-357~0~A~end~~~#0000FF^^1~565~-361~0~6~start~~~#0000FF^^0~563~-360^^0~M 560 -363 L 557 -360 L 560 -357#@$R~520~-370~~~40~60~#000000~1~0~none~gge22266~0~"
        ],
        "BBox": {
          "x": -18.9,
          "y": -415.3,
          "width": 884,
          "height": 280.3
        },
        "colors": {}
      }
    }
  ]
}